<?xml version="1.0" encoding="ISO-8859-1"?>
<project name="RTFTemplate">
  <bannerLeft>
    <name>RTFTemplate</name>
    <src>images/rtftemplate/bandeau_rtftemplate.png</src>
    <href>http://rtftemplate.sourceforge.net/</href>
  </bannerLeft>
  <body>
    <links>   
      <item name="Spring" href="http://www.springframework.org/" />    
      <item name="Velocity" href="http://jakarta.apache.org/velocity/" />
      <item name="Freemarker" href="http://freemarker.sourceforge.net/" />   
    </links>
    <menu name="RTFTemplate">
      <item name="Overview" href="index.html"/>
      <item name="User guide" href="userguide/user-guide.html" >                  
        <item name="Model creation" href="userguide/model-creation-java/modele-creation-java.html" >        
          <item name="Samples" href="userguide/model-creation-java/samples.html" /> 
        </item>        
        <item name="Model Design" href="userguide/design-rtfmodel/design-rtfmodel.html" >        
          <item name="MS Word" href="userguide/design-rtfmodel/msword.html" />
          <item name="OpenOffice" href="userguide/design-rtfmodel/openoffice.html" />
        </item>
        <item name="Integration" href="userguide/integration-rtftemplate-java/integration-rtftemplate-java.html">    
          <item name="Application" href="userguide/integration-rtftemplate-java/application.html" /> 
          <item name="Servlet" href="userguide/integration-rtftemplate-java/servlet.html" />    
        </item>        
      </item>
      <item name="Architecture" href="architecture/architecture.html" />       
    </menu>
    <menu name="Download" >
      <item name="Download" href="download.html"/>
    </menu>
    <menu name="Traduction">
      <item name="English" href="index.html" />
      <item name="French" href="fr/index.html" />
    </menu>
    ${reports}

    ...
  </body>
</project>